borrower_id,revenue_growth_signal_score,liquidity_cash_flow_score,repayment_credit_behavior_score,operational_stability_score,compliance_discipline_score,composite_score,grade,revenue_growth_signal_consistency_penalty,scorable,segment_label
MSME-00001,0.0,64.03125,38.0,22.542735042735046,51.625,35.79,D - Weak,-10,True,Full — 5 dimensions available
MSME-00002,60.1875,79.6875,86.5,,62.208333333333336,71.19,B - Good,0,True,"Reduced — 4 dimensions available (structurally unavailable, not a data gap)"
MSME-00003,1.625,23.03125,19.25,51.70940170940171,12.208333333333334,20.02,E - Poor,0,True,Full — 5 dimensions available
MSME-00004,45.4375,27.40625,35.25,52.88461538461539,46.875,41.29,D - Weak,-5,True,Full — 5 dimensions available
MSME-00005,66.6875,65.3125,61.625,,63.583333333333336,64.48,C - Fair,0,True,"Reduced — 4 dimensions available (structurally unavailable, not a data gap)"
MSME-00006,51.75,63.75,68.25,59.18803418803419,71.04166666666667,62.69,C - Fair,-10,True,Full — 5 dimensions available
MSME-00007,52.75,70.09375,39.5,59.72222222222222,49.0,54.72,C - Fair,0,True,Full — 5 dimensions available
MSME-00008,73.0,68.6875,53.875,43.16239316239316,68.75,62.94,C - Fair,0,True,Full — 5 dimensions available
MSME-00009,39.375,62.53125,32.875,,41.916666666666664,44.93,D - Weak,0,True,"Reduced — 4 dimensions available (structurally unavailable, not a data gap)"
MSME-00010,2.625,21.21875,0.75,,10.916666666666666,9.42,E - Poor,0,True,"Reduced — 4 dimensions available (structurally unavailable, not a data gap)"
MSME-00011,57.5625,69.3125,56.5,,84.91666666666667,67.78,B - Good,-10,True,"Reduced — 4 dimensions available (structurally unavailable, not a data gap)"
MSME-00012,63.75,79.03125,83.125,56.1965811965812,71.66666666666667,70.88,B - Good,0,True,Full — 5 dimensions available
MSME-00013,47.25,33.6875,20.0,5.128205128205128,10.083333333333334,24.41,E - Poor,0,True,Full — 5 dimensions available
MSME-00014,71.25,73.625,33.375,66.13247863247864,45.625,58.92,C - Fair,0,True,Full — 5 dimensions available
MSME-00015,72.0625,75.09375,99.5,,83.70833333333333,81.46,A - Strong,0,True,Partial confidence — 4 dimensions (4 discounted for thin data)
MSME-00016,0.0,31.5625,12.125,,16.625,15.28,E - Poor,-10,True,"Reduced — 4 dimensions available (structurally unavailable, not a data gap)"
MSME-00017,0.0,21.4375,4.25,,3.5833333333333335,7.52,E - Poor,-10,True,"Reduced — 4 dimensions available (structurally unavailable, not a data gap)"
MSME-00018,33.6875,46.09375,39.125,,24.208333333333332,35.56,D - Weak,0,True,"Reduced — 4 dimensions available (structurally unavailable, not a data gap)"
MSME-00019,61.75,45.75,36.75000000000001,63.56837606837607,47.083333333333336,51.07,C - Fair,0,True,Full — 5 dimensions available
MSME-00020,71.375,66.1875,81.75,70.61965811965813,78.20833333333333,73.34,B - Good,0,True,Full — 5 dimensions available
MSME-00021,79.875,75.84375,79.75,60.47008547008547,71.66666666666667,73.9,B - Good,0,True,Full — 5 dimensions available
MSME-00022,51.25,25.65625,45.62500000000001,,24.625,36.2,D - Weak,-5,True,"Reduced — 4 dimensions available (structurally unavailable, not a data gap)"
MSME-00023,23.0625,79.34375,90.625,65.5982905982906,58.25,61.74,C - Fair,-10,True,Full — 5 dimensions available
MSME-00024,19.6875,54.5625,27.25,61.64529914529914,55.625,43.68,D - Weak,0,True,Full — 5 dimensions available
MSME-00025,2.375,33.03125,6.375,20.08547008547008,28.125,18.53,E - Poor,0,True,Full — 5 dimensions available
MSME-00026,70.8125,33.5,61.625,,68.08333333333333,58.3,C - Fair,-5,True,"Reduced — 4 dimensions available (structurally unavailable, not a data gap)"
MSME-00027,23.25,61.25,28.125,,60.333333333333336,44.25,D - Weak,0,True,"Reduced — 4 dimensions available (structurally unavailable, not a data gap)"
MSME-00028,58.625,68.46875,52.125,,53.833333333333336,58.67,C - Fair,0,True,"Reduced — 4 dimensions available (structurally unavailable, not a data gap)"
MSME-00029,1.875,8.09375,1.25,,6.666666666666667,4.69,E - Poor,0,True,"Reduced — 4 dimensions available (structurally unavailable, not a data gap)"
MSME-00030,77.4375,75.0,64.375,58.44017094017094,66.16666666666667,69.05,B - Good,0,True,Full — 5 dimensions available
MSME-00031,7.9375,20.0625,23.5,23.824786324786327,27.375,20.19,E - Poor,0,True,Full — 5 dimensions available
MSME-00032,51.5,41.09375,42.37499999999999,54.914529914529915,30.833333333333332,43.64,D - Weak,0,True,Full — 5 dimensions available
MSME-00033,77.25,67.15625,73.375,,71.20833333333333,72.17,B - Good,0,True,"Reduced — 4 dimensions available (structurally unavailable, not a data gap)"
MSME-00034,60.8125,44.5,49.25000000000001,,57.5,53.27,C - Fair,0,True,"Reduced — 4 dimensions available (structurally unavailable, not a data gap)"
MSME-00035,54.4375,75.25,35.25,,45.625,53.8,C - Fair,0,True,"Reduced — 4 dimensions available (structurally unavailable, not a data gap)"
MSME-00036,18.9375,30.25,24.375,,30.5,26.13,E - Poor,-5,True,"Reduced — 4 dimensions available (structurally unavailable, not a data gap)"
MSME-00037,29.9375,27.78125,48.12499999999999,,26.708333333333332,32.14,E - Poor,0,True,"Reduced — 4 dimensions available (structurally unavailable, not a data gap)"
MSME-00038,51.125,15.78125,10.625,,5.625,21.47,E - Poor,-5,True,"Reduced — 4 dimensions available (structurally unavailable, not a data gap)"
MSME-00039,49.25,56.40625,61.625,,62.458333333333336,57.16,C - Fair,-10,True,"Reduced — 4 dimensions available (structurally unavailable, not a data gap)"
MSME-00040,37.75,56.5625,38.24999999999999,54.38034188034188,59.125,49.54,D - Weak,0,True,Full — 5 dimensions available
MSME-00041,65.3125,66.09375,86.5,,83.0,74.47,B - Good,0,True,"Reduced — 4 dimensions available (structurally unavailable, not a data gap)"
MSME-00042,57.875,61.40625,42.75,53.84615384615385,37.666666666666664,50.98,C - Fair,0,True,Full — 5 dimensions available
MSME-00043,53.1875,17.6875,22.0,38.46153846153846,53.041666666666664,37.61,D - Weak,-5,True,Full — 5 dimensions available
MSME-00044,29.625,4.6875,98.75,,74.625,48.8,D - Weak,0,True,Partial confidence — 4 dimensions (4 discounted for thin data)
MSME-00045,63.3125,42.1875,73.375,60.89743589743589,78.0,63.16,C - Fair,0,True,Full — 5 dimensions available
MSME-00046,7.8125,13.5,8.0,2.1367521367521327,14.833333333333334,9.72,E - Poor,0,True,Full — 5 dimensions available
MSME-00047,67.75,40.375,88.0,,84.91666666666667,69.08,B - Good,0,True,"Reduced — 4 dimensions available (structurally unavailable, not a data gap)"
MSME-00048,79.9375,63.53125,36.75000000000001,,37.5,55.61,C - Fair,0,True,"Reduced — 4 dimensions available (structurally unavailable, not a data gap)"
MSME-00049,52.25,80.03125,84.5,67.3076923076923,63.583333333333336,68.83,B - Good,0,True,Full — 5 dimensions available
MSME-00050,56.5625,6.0,15.75,,22.833333333333332,25.92,E - Poor,0,True,Partial confidence — 4 dimensions (4 discounted for thin data)
MSME-00051,60.4375,77.625,75.75,,64.375,69.13,B - Good,0,True,"Reduced — 4 dimensions available (structurally unavailable, not a data gap)"
MSME-00052,70.5,33.5625,97.375,,75.125,67.26,B - Good,0,True,"Reduced — 4 dimensions available (structurally unavailable, not a data gap)"
MSME-00053,39.625,57.5,10.0,7.478632478632476,10.208333333333334,26.76,E - Poor,-5,True,Full — 5 dimensions available
MSME-00054,15.25,35.3125,15.25,0.8547008547008527,17.833333333333332,17.88,E - Poor,0,True,Full — 5 dimensions available
MSME-00055,59.3125,90.75,96.0,69.87179487179488,76.54166666666667,78.0,B - Good,0,True,Full — 5 dimensions available
MSME-00056,34.9375,84.25,83.125,59.508547008547005,80.16666666666667,68.07,B - Good,-10,True,Full — 5 dimensions available
MSME-00057,43.625,6.875,50.75,,55.666666666666664,38.46,D - Weak,-5,True,Partial confidence — 4 dimensions (4 discounted for thin data)
MSME-00058,12.0,43.34375,5.125,,9.291666666666666,18.26,E - Poor,0,True,"Reduced — 4 dimensions available (structurally unavailable, not a data gap)"
MSME-00059,74.9375,53.34375,84.5,,82.58333333333333,73.13,B - Good,0,True,"Reduced — 4 dimensions available (structurally unavailable, not a data gap)"
MSME-00060,76.25,81.4375,41.25,,36.583333333333336,60.06,C - Fair,0,True,"Reduced — 4 dimensions available (structurally unavailable, not a data gap)"
MSME-00061,56.375,50.78125,33.375,54.27350427350427,25.916666666666668,44.18,D - Weak,0,True,Full — 5 dimensions available
MSME-00062,39.25,51.6875,30.875,,39.625,40.99,D - Weak,0,True,"Reduced — 4 dimensions available (structurally unavailable, not a data gap)"
MSME-00063,15.75,58.625,24.0,,17.0,29.17,E - Poor,0,True,"Reduced — 4 dimensions available (structurally unavailable, not a data gap)"
MSME-00064,57.1875,29.03125,29.375,49.145299145299155,46.333333333333336,42.54,D - Weak,0,True,Full — 5 dimensions available
MSME-00065,80.6875,70.3125,58.5,65.8119658119658,68.45833333333333,69.49,B - Good,0,True,Full — 5 dimensions available
MSME-00066,0.0,28.03125,12.125,,5.25,11.3,E - Poor,-10,True,"Reduced — 4 dimensions available (structurally unavailable, not a data gap)"
MSME-00067,70.4375,34.1875,7.125,,12.291666666666666,32.6,E - Poor,0,True,"Reduced — 4 dimensions available (structurally unavailable, not a data gap)"
MSME-00068,51.0,21.09375,36.0,,43.541666666666664,38.04,D - Weak,-5,True,"Reduced — 4 dimensions available (structurally unavailable, not a data gap)"
MSME-00069,41.375,77.09375,79.75,,78.20833333333333,68.4,B - Good,-10,True,"Reduced — 4 dimensions available (structurally unavailable, not a data gap)"
MSME-00070,75.0625,5.375,50.0,,77.66666666666667,52.16,C - Fair,0,True,Partial confidence — 4 dimensions (4 discounted for thin data)
MSME-00071,70.75,75.5,48.62499999999999,,31.291666666666668,57.07,C - Fair,0,True,Partial confidence — 4 dimensions (4 discounted for thin data)
MSME-00072,79.9375,51.5625,51.5,,80.16666666666667,66.74,B - Good,0,True,"Reduced — 4 dimensions available (structurally unavailable, not a data gap)"
MSME-00073,0.0,52.625,6.75,4.273504273504275,6.5,14.98,E - Poor,-10,True,Full — 5 dimensions available
MSME-00074,55.25,93.875,90.625,,59.375,73.72,B - Good,0,True,"Reduced — 4 dimensions available (structurally unavailable, not a data gap)"
MSME-00075,33.875,16.5625,75.75,,30.125,36.63,D - Weak,0,True,"Reduced — 4 dimensions available (structurally unavailable, not a data gap)"
MSME-00076,16.6875,46.09375,5.5,,11.916666666666666,21.02,E - Poor,0,True,"Reduced — 4 dimensions available (structurally unavailable, not a data gap)"
MSME-00077,71.5625,2.75,52.125,,80.625,51.74,C - Fair,0,True,Partial confidence — 4 dimensions (4 discounted for thin data)
MSME-00078,54.875,38.21875,95.125,67.73504273504273,64.875,62.25,C - Fair,0,True,Full — 5 dimensions available
MSME-00079,69.75,48.15625,41.87499999999999,,41.375,50.85,C - Fair,0,True,"Reduced — 4 dimensions available (structurally unavailable, not a data gap)"
MSME-00080,63.9375,63.34375,48.12499999999999,49.46581196581196,46.5,54.88,C - Fair,0,True,Full — 5 dimensions available
MSME-00081,20.625,45.15625,55.125,69.01709401709401,75.125,52.0,C - Fair,0,True,Full — 5 dimensions available
MSME-00082,62.625,72.0625,46.5,,59.916666666666664,61.19,C - Fair,0,True,"Reduced — 4 dimensions available (structurally unavailable, not a data gap)"
MSME-00083,47.5,43.4375,11.375,28.95299145299145,16.666666666666668,30.63,E - Poor,-5,True,Full — 5 dimensions available
MSME-00084,47.1875,75.4375,60.0,,63.041666666666664,61.51,C - Fair,0,True,"Reduced — 4 dimensions available (structurally unavailable, not a data gap)"
MSME-00085,62.25,52.53125,79.75,,76.54166666666667,66.97,B - Good,0,True,"Reduced — 4 dimensions available (structurally unavailable, not a data gap)"
MSME-00086,72.875,78.6875,90.625,,52.875,72.64,B - Good,0,True,"Reduced — 4 dimensions available (structurally unavailable, not a data gap)"
MSME-00087,62.625,81.0625,60.0,62.71367521367521,73.83333333333333,68.79,B - Good,0,True,Full — 5 dimensions available
MSME-00088,48.25,66.3125,93.125,,73.125,68.67,B - Good,0,True,"Reduced — 4 dimensions available (structurally unavailable, not a data gap)"
MSME-00089,68.4375,58.3125,58.5,,80.625,67.0,B - Good,-10,True,"Reduced — 4 dimensions available (structurally unavailable, not a data gap)"
MSME-00090,24.8125,52.03125,22.375,,21.791666666666668,30.78,E - Poor,0,True,"Reduced — 4 dimensions available (structurally unavailable, not a data gap)"
MSME-00091,76.625,59.3125,79.75,,65.41666666666667,69.64,B - Good,0,True,"Reduced — 4 dimensions available (structurally unavailable, not a data gap)"
MSME-00092,5.8125,40.4375,20.25,5.02136752136752,9.833333333333334,16.67,E - Poor,0,True,Full — 5 dimensions available
MSME-00093,78.625,52.0625,83.125,,54.541666666666664,66.02,B - Good,0,True,"Reduced — 4 dimensions available (structurally unavailable, not a data gap)"
MSME-00094,47.375,32.65625,85.5,,45.541666666666664,50.59,C - Fair,0,True,"Reduced — 4 dimensions available (structurally unavailable, not a data gap)"
MSME-00095,61.4375,3.0,21.5,,57.666666666666664,36.86,D - Weak,-5,True,Partial confidence — 4 dimensions (4 discounted for thin data)
MSME-00096,14.6875,16.65625,20.5,17.094017094017094,33.708333333333336,20.72,E - Poor,-5,True,Full — 5 dimensions available
MSME-00097,71.375,29.28125,97.375,,75.95833333333333,66.57,B - Good,-5,True,Partial confidence — 4 dimensions (4 discounted for thin data)
MSME-00098,67.125,72.78125,50.5,,54.291666666666664,61.89,C - Fair,0,True,Partial confidence — 4 dimensions (4 discounted for thin data)
MSME-00099,67.875,70.5,81.75,,86.875,76.42,B - Good,0,True,"Reduced — 4 dimensions available (structurally unavailable, not a data gap)"
MSME-00100,36.9375,27.40625,34.0,49.145299145299155,24.833333333333332,33.68,E - Poor,0,True,Full — 5 dimensions available
MSME-00101,65.875,55.125,55.125,66.45299145299145,63.583333333333336,61.28,C - Fair,0,True,Full — 5 dimensions available
MSME-00102,64.9375,75.625,68.25,67.94871794871794,84.91666666666667,72.81,B - Good,0,True,Full — 5 dimensions available
MSME-00103,61.9375,86.3125,61.625,,78.79166666666667,72.87,B - Good,0,True,"Reduced — 4 dimensions available (structurally unavailable, not a data gap)"
MSME-00104,34.375,87.90625,75.75,51.92307692307693,81.54166666666667,66.57,B - Good,0,True,Full — 5 dimensions available
MSME-00105,0.0,23.1875,10.25,18.803418803418804,17.583333333333332,13.9,E - Poor,-10,True,Full — 5 dimensions available
MSME-00106,57.625,56.53125,32.875,59.93589743589744,40.166666666666664,49.76,D - Weak,-5,True,Full — 5 dimensions available
MSME-00107,73.25,5.5,49.5,,87.04166666666667,54.11,C - Fair,0,True,Partial confidence — 4 dimensions (4 discounted for thin data)
MSME-00108,76.625,81.09375,79.75,,85.54166666666667,80.82,A - Strong,0,True,"Reduced — 4 dimensions available (structurally unavailable, not a data gap)"
MSME-00109,71.1875,9.59375,93.125,,86.54166666666667,63.24,C - Fair,0,True,Partial confidence — 4 dimensions (4 discounted for thin data)
MSME-00110,46.625,82.65625,61.625,66.23931623931624,64.70833333333333,64.42,C - Fair,0,True,Full — 5 dimensions available
MSME-00111,19.875,44.5625,43.00000000000001,,57.291666666666664,41.06,D - Weak,0,True,"Reduced — 4 dimensions available (structurally unavailable, not a data gap)"
MSME-00112,34.375,20.0625,16.5,,6.166666666666667,19.46,E - Poor,0,True,"Reduced — 4 dimensions available (structurally unavailable, not a data gap)"
MSME-00113,8.375,23.15625,18.0,,6.041666666666667,13.62,E - Poor,0,True,"Reduced — 4 dimensions available (structurally unavailable, not a data gap)"
MSME-00114,30.25,8.0,7.625,,4.666666666666667,12.97,E - Poor,-5,True,"Reduced — 4 dimensions available (structurally unavailable, not a data gap)"
MSME-00115,61.125,0.5625,13.875,,1.125,19.53,E - Poor,0,True,Partial confidence — 4 dimensions (4 discounted for thin data)
MSME-00116,45.3125,31.6875,14.375,24.57264957264957,24.916666666666668,29.14,E - Poor,-5,True,Full — 5 dimensions available
MSME-00117,62.4375,63.1875,95.625,62.606837606837594,53.208333333333336,66.11,B - Good,0,True,Full — 5 dimensions available
MSME-00118,78.625,70.40625,71.125,63.9957264957265,77.20833333333333,72.8,B - Good,0,True,Full — 5 dimensions available
MSME-00119,59.1875,38.03125,77.75,,80.16666666666667,62.85,C - Fair,0,True,"Reduced — 4 dimensions available (structurally unavailable, not a data gap)"
MSME-00120,36.4375,75.59375,46.5,48.18376068376068,43.541666666666664,50.35,C - Fair,0,True,Full — 5 dimensions available
MSME-00121,73.8125,77.6875,93.125,,71.20833333333333,78.01,B - Good,0,True,"Reduced — 4 dimensions available (structurally unavailable, not a data gap)"
MSME-00122,14.25,42.40625,5.125,16.346153846153847,14.916666666666666,19.48,E - Poor,0,True,Full — 5 dimensions available
MSME-00123,23.4375,59.71875,43.875,,37.75,41.02,D - Weak,0,True,"Reduced — 4 dimensions available (structurally unavailable, not a data gap)"
MSME-00124,69.8125,70.96875,22.375,,60.125,58.05,C - Fair,0,True,Partial confidence — 4 dimensions (4 discounted for thin data)
MSME-00125,62.25,73.15625,58.5,,84.91666666666667,70.45,B - Good,0,True,"Reduced — 4 dimensions available (structurally unavailable, not a data gap)"
MSME-00126,75.3125,21.28125,91.875,,55.625,58.97,C - Fair,0,True,"Reduced — 4 dimensions available (structurally unavailable, not a data gap)"
MSME-00127,72.875,74.15625,55.125,,83.70833333333333,72.56,B - Good,0,True,"Reduced — 4 dimensions available (structurally unavailable, not a data gap)"
MSME-00128,0.0,32.9375,13.875,,4.25,12.69,E - Poor,-10,True,"Reduced — 4 dimensions available (structurally unavailable, not a data gap)"
MSME-00129,14.25,20.21875,51.0,,40.416666666666664,30.17,E - Poor,0,True,"Reduced — 4 dimensions available (structurally unavailable, not a data gap)"
MSME-00130,21.5,74.25,28.125,,42.25,42.43,D - Weak,0,True,"Reduced — 4 dimensions available (structurally unavailable, not a data gap)"
MSME-00131,73.9375,79.3125,77.75,,73.83333333333333,76.11,B - Good,0,True,"Reduced — 4 dimensions available (structurally unavailable, not a data gap)"
MSME-00132,70.375,74.8125,73.375,71.15384615384615,65.45833333333333,70.9,B - Good,0,True,Full — 5 dimensions available
MSME-00133,70.625,76.5625,58.5,,73.125,70.45,B - Good,-10,True,"Reduced — 4 dimensions available (structurally unavailable, not a data gap)"
MSME-00134,65.1875,3.875,42.37499999999999,,55.541666666666664,41.7,D - Weak,-5,True,Partial confidence — 4 dimensions (4 discounted for thin data)
MSME-00135,2.5,74.90625,24.375,,24.833333333333332,32.14,E - Poor,-10,True,"Reduced — 4 dimensions available (structurally unavailable, not a data gap)"
MSME-00136,43.625,4.9375,93.125,,87.33333333333333,54.86,C - Fair,0,True,Partial confidence — 4 dimensions (4 discounted for thin data)
MSME-00137,49.0625,38.9375,6.375,24.145299145299145,37.541666666666664,32.98,E - Poor,0,True,Full — 5 dimensions available
MSME-00138,65.5,52.71875,52.5,,81.45833333333333,63.75,C - Fair,0,True,"Reduced — 4 dimensions available (structurally unavailable, not a data gap)"
MSME-00139,45.125,13.625,2.25,15.384615384615385,10.25,18.27,E - Poor,-5,True,Full — 5 dimensions available
MSME-00140,78.5,81.625,68.25,,59.916666666666664,72.33,B - Good,0,True,"Reduced — 4 dimensions available (structurally unavailable, not a data gap)"
MSME-00141,69.0,27.34375,99.0,,75.58333333333333,65.65,B - Good,0,True,"Reduced — 4 dimensions available (structurally unavailable, not a data gap)"
MSME-00142,25.8125,21.375,2.0,,9.166666666666666,15.43,E - Poor,0,True,"Reduced — 4 dimensions available (structurally unavailable, not a data gap)"
MSME-00143,77.4375,22.96875,68.25,56.41025641025641,84.25,61.81,C - Fair,0,True,Full — 5 dimensions available
MSME-00144,32.8125,77.03125,72.125,,65.41666666666667,61.16,C - Fair,-10,True,"Reduced — 4 dimensions available (structurally unavailable, not a data gap)"
MSME-00145,58.4375,51.5,61.625,,72.16666666666667,60.89,C - Fair,0,True,"Reduced — 4 dimensions available (structurally unavailable, not a data gap)"
MSME-00146,39.0,62.3125,75.75,,69.54166666666667,60.71,C - Fair,-10,True,"Reduced — 4 dimensions available (structurally unavailable, not a data gap)"
MSME-00147,74.8125,64.875,35.25,,49.75,57.57,C - Fair,0,True,"Reduced — 4 dimensions available (structurally unavailable, not a data gap)"
MSME-00148,29.5,52.625,12.5,,13.458333333333334,27.99,E - Poor,0,True,"Reduced — 4 dimensions available (structurally unavailable, not a data gap)"
MSME-00149,0.0,24.40625,16.0,,9.875,12.34,E - Poor,-10,True,"Reduced — 4 dimensions available (structurally unavailable, not a data gap)"
MSME-00150,62.9375,57.90625,68.25,,43.083333333333336,57.36,C - Fair,-10,True,"Reduced — 4 dimensions available (structurally unavailable, not a data gap)"
MSME-00151,51.6875,76.96875,24.75,40.91880341880342,43.25,49.14,D - Weak,0,True,Full — 5 dimensions available
MSME-00152,23.5625,71.5625,63.0,63.995726495726494,58.916666666666664,55.4,C - Fair,-10,True,Full — 5 dimensions available
MSME-00153,37.1875,61.09375,86.5,,68.75,61.84,C - Fair,0,True,"Reduced — 4 dimensions available (structurally unavailable, not a data gap)"
MSME-00154,69.375,60.59375,71.125,,86.29166666666667,71.89,B - Good,0,True,"Reduced — 4 dimensions available (structurally unavailable, not a data gap)"
MSME-00155,57.3125,37.6875,2.5,,4.583333333333333,27.06,E - Poor,0,True,"Reduced — 4 dimensions available (structurally unavailable, not a data gap)"
MSME-00156,6.25,13.625,0.5,7.371794871794871,9.125,7.76,E - Poor,0,True,Full — 5 dimensions available
MSME-00157,52.3125,65.34375,25.75,,46.333333333333336,48.88,D - Weak,0,True,"Reduced — 4 dimensions available (structurally unavailable, not a data gap)"
MSME-00158,72.125,59.625,32.5,23.183760683760685,47.375,49.08,D - Weak,0,True,Full — 5 dimensions available
MSME-00159,69.4375,72.0625,81.75,69.87179487179488,81.875,74.91,B - Good,0,True,Full — 5 dimensions available
MSME-00160,71.8125,80.71875,28.125,51.7094017094017,41.791666666666664,56.49,C - Fair,0,True,Full — 5 dimensions available
MSME-00161,28.0,16.71875,47.75,,36.75,31.27,E - Poor,-5,True,"Reduced — 4 dimensions available (structurally unavailable, not a data gap)"
MSME-00162,57.125,83.0625,56.5,54.5940170940171,51.583333333333336,61.13,C - Fair,0,True,Full — 5 dimensions available
MSME-00163,79.875,68.1875,75.75,,53.958333333333336,69.02,B - Good,0,True,"Reduced — 4 dimensions available (structurally unavailable, not a data gap)"
MSME-00164,69.5,31.03125,60.0,,63.625,55.77,C - Fair,0,True,"Reduced — 4 dimensions available (structurally unavailable, not a data gap)"
MSME-00165,7.6875,1.9375,21.25,,40.041666666666664,17.49,E - Poor,-5,True,Partial confidence — 4 dimensions (4 discounted for thin data)
MSME-00166,67.875,70.5,55.75,,81.45833333333333,69.77,B - Good,0,True,"Reduced — 4 dimensions available (structurally unavailable, not a data gap)"
MSME-00167,30.625,30.03125,3.0,8.012820512820513,9.625,17.45,E - Poor,0,True,Full — 5 dimensions available
MSME-00168,55.6875,70.625,77.75,65.17094017094017,54.125,63.92,C - Fair,0,True,Full — 5 dimensions available
MSME-00169,52.9375,40.375,40.5,,44.458333333333336,44.84,D - Weak,0,True,"Reduced — 4 dimensions available (structurally unavailable, not a data gap)"
MSME-00170,57.875,77.3125,71.125,52.457264957264954,80.83333333333333,68.6,B - Good,0,True,Full — 5 dimensions available
MSME-00171,64.125,67.90625,86.5,,78.79166666666667,73.52,B - Good,0,True,"Reduced — 4 dimensions available (structurally unavailable, not a data gap)"
MSME-00172,62.6875,73.125,79.75,,70.33333333333333,70.92,B - Good,0,True,"Reduced — 4 dimensions available (structurally unavailable, not a data gap)"
MSME-00173,71.5,8.1875,98.0,,79.66666666666667,62.09,C - Fair,0,True,Partial confidence — 4 dimensions (4 discounted for thin data)
MSME-00174,20.8125,12.5,13.25,3.8461538461538436,38.041666666666664,18.7,E - Poor,0,True,Full — 5 dimensions available
MSME-00175,70.5625,58.46875,90.625,,67.29166666666667,70.48,B - Good,0,True,"Reduced — 4 dimensions available (structurally unavailable, not a data gap)"
MSME-00176,54.5,23.34375,38.625,,30.125,36.52,D - Weak,0,True,"Reduced — 4 dimensions available (structurally unavailable, not a data gap)"
MSME-00177,73.8125,79.84375,56.5,,69.25,70.74,B - Good,0,True,"Reduced — 4 dimensions available (structurally unavailable, not a data gap)"
MSME-00178,68.9375,86.5625,55.125,70.72649572649573,63.583333333333336,69.66,B - Good,0,True,Full — 5 dimensions available
MSME-00179,65.375,69.625,43.875,62.927350427350426,42.291666666666664,57.2,C - Fair,0,True,Full — 5 dimensions available
MSME-00180,49.4375,68.125,58.5,64.85042735042735,50.041666666666664,57.8,C - Fair,0,True,Full — 5 dimensions available
MSME-00181,24.125,28.9375,9.75,64.42307692307692,5.833333333333333,25.45,E - Poor,0,True,Full — 5 dimensions available
MSME-00182,16.25,17.15625,1.5,51.60256410256411,15.291666666666666,19.67,E - Poor,0,True,Full — 5 dimensions available
MSME-00183,52.5625,49.46875,45.62500000000001,,52.0,50.2,C - Fair,0,True,"Reduced — 4 dimensions available (structurally unavailable, not a data gap)"
MSME-00184,72.75,85.0,64.375,,85.54166666666667,77.75,B - Good,0,True,"Reduced — 4 dimensions available (structurally unavailable, not a data gap)"
MSME-00185,67.6875,87.6875,84.5,69.55128205128204,61.708333333333336,73.92,B - Good,0,True,Full — 5 dimensions available
MSME-00186,12.0,31.0,10.625,4.9145299145299175,14.375,15.34,E - Poor,0,True,Full — 5 dimensions available
MSME-00187,65.75,84.96875,53.5,,69.54166666666667,69.44,B - Good,0,True,"Reduced — 4 dimensions available (structurally unavailable, not a data gap)"
MSME-00188,52.875,28.9375,85.5,,64.58333333333333,56.14,C - Fair,0,True,"Reduced — 4 dimensions available (structurally unavailable, not a data gap)"
MSME-00189,62.125,71.5,75.75,69.01709401709401,84.91666666666667,72.69,B - Good,0,True,Full — 5 dimensions available
MSME-00190,41.125,40.03125,26.625,,58.625,42.6,D - Weak,0,True,"Reduced — 4 dimensions available (structurally unavailable, not a data gap)"
MSME-00191,73.625,55.8125,37.375,67.2008547008547,31.75,53.25,C - Fair,0,True,Full — 5 dimensions available
MSME-00192,67.6875,4.0625,49.0,,50.458333333333336,42.39,D - Weak,-5,True,Partial confidence — 4 dimensions (4 discounted for thin data)
MSME-00193,38.75,72.53125,28.125,,25.416666666666668,42.08,D - Weak,0,True,"Reduced — 4 dimensions available (structurally unavailable, not a data gap)"
MSME-00194,63.0625,15.03125,52.75,70.72649572649573,69.54166666666667,53.39,C - Fair,-5,True,Full — 5 dimensions available
MSME-00195,12.625,14.84375,4.5,,15.875,12.46,E - Poor,0,True,"Reduced — 4 dimensions available (structurally unavailable, not a data gap)"
MSME-00196,60.0625,45.53125,63.0,,71.66666666666667,59.87,C - Fair,0,True,"Reduced — 4 dimensions available (structurally unavailable, not a data gap)"
MSME-00197,38.4375,51.25,34.375,,27.75,38.19,D - Weak,0,True,"Reduced — 4 dimensions available (structurally unavailable, not a data gap)"
MSME-00198,74.3125,66.0625,66.25,64.85042735042735,71.04166666666667,68.83,B - Good,0,True,Full — 5 dimensions available
MSME-00199,47.625,34.21875,14.75,,13.416666666666666,28.35,E - Poor,0,True,"Reduced — 4 dimensions available (structurally unavailable, not a data gap)"
MSME-00200,70.625,3.0625,58.5,,87.25,54.62,C - Fair,0,True,Partial confidence — 4 dimensions (4 discounted for thin data)
MSME-00201,78.625,73.875,75.75,68.91025641025641,69.79166666666667,73.51,B - Good,0,True,Full — 5 dimensions available
MSME-00202,78.8125,72.25,88.0,60.79059829059829,51.583333333333336,69.83,B - Good,0,True,Full — 5 dimensions available
MSME-00203,69.0625,80.84375,89.375,,73.91666666666667,77.56,B - Good,0,True,"Reduced — 4 dimensions available (structurally unavailable, not a data gap)"
MSME-00204,78.0,74.5625,68.25,,67.29166666666667,72.28,B - Good,0,True,"Reduced — 4 dimensions available (structurally unavailable, not a data gap)"
MSME-00205,64.3125,66.96875,39.87500000000001,,39.25,53.45,C - Fair,0,True,"Reduced — 4 dimensions available (structurally unavailable, not a data gap)"
MSME-00206,62.8125,44.5625,64.375,,81.54166666666667,63.25,C - Fair,0,True,"Reduced — 4 dimensions available (structurally unavailable, not a data gap)"
MSME-00207,9.125,43.84375,21.0,,11.833333333333334,21.48,E - Poor,0,True,"Reduced — 4 dimensions available (structurally unavailable, not a data gap)"
MSME-00208,30.312500000000004,37.875,89.375,62.39316239316239,82.29166666666667,58.74,C - Fair,0,True,Full — 5 dimensions available
MSME-00209,68.5,17.5625,26.125,,42.125,39.41,D - Weak,0,True,Partial confidence — 4 dimensions (4 discounted for thin data)
MSME-00210,60.6875,1.1875,88.0,,86.29166666666667,57.11,C - Fair,0,True,Partial confidence — 4 dimensions (4 discounted for thin data)
MSME-00211,59.6875,59.4375,28.875,35.256410256410255,46.208333333333336,47.43,D - Weak,0,True,Full — 5 dimensions available
MSME-00212,39.1875,55.34375,30.875,,28.875,39.08,D - Weak,0,True,"Reduced — 4 dimensions available (structurally unavailable, not a data gap)"
MSME-00213,67.125,84.0625,94.375,,70.33333333333333,77.95,B - Good,0,True,"Reduced — 4 dimensions available (structurally unavailable, not a data gap)"
MSME-00214,15.8125,20.5,19.5,32.15811965811966,12.458333333333334,19.45,E - Poor,0,True,Full — 5 dimensions available
MSME-00215,26.5,34.84375,93.125,48.611111111111114,60.333333333333336,50.66,C - Fair,-10,True,Full — 5 dimensions available
MSME-00216,64.4375,73.46875,75.75,71.7948717948718,78.91666666666667,72.77,B - Good,-10,True,Full — 5 dimensions available
MSME-00217,51.9375,51.9375,26.625,,28.875,40.73,D - Weak,0,True,"Reduced — 4 dimensions available (structurally unavailable, not a data gap)"
MSME-00218,7.875,23.4375,12.75,,14.291666666666666,14.71,E - Poor,0,True,"Reduced — 4 dimensions available (structurally unavailable, not a data gap)"
MSME-00219,56.875,45.40625,63.0,67.94871794871794,75.58333333333333,61.35,C - Fair,0,True,Full — 5 dimensions available
MSME-00220,63.125,1.75,54.375,,82.0,50.04,C - Fair,0,True,Partial confidence — 4 dimensions (4 discounted for thin data)
MSME-00221,0.0,18.34375,4.75,,13.875,9.54,E - Poor,-10,True,"Reduced — 4 dimensions available (structurally unavailable, not a data gap)"
MSME-00222,63.75,44.21875,41.25,,39.833333333333336,47.66,D - Weak,0,True,"Reduced — 4 dimensions available (structurally unavailable, not a data gap)"
MSME-00223,0.0,24.8125,17.0,54.700854700854705,14.416666666666666,20.67,E - Poor,-10,True,Full — 5 dimensions available
MSME-00224,54.1875,62.65625,25.0,60.79059829059829,20.625,44.85,D - Weak,0,True,Full — 5 dimensions available
MSME-00225,49.0,74.625,23.75,,35.416666666666664,47.16,D - Weak,0,True,"Reduced — 4 dimensions available (structurally unavailable, not a data gap)"
MSME-00226,52.125,70.21875,75.75,61.43162393162393,79.625,67.75,B - Good,-10,True,Full — 5 dimensions available
MSME-00227,7.0,13.53125,0.0,,20.291666666666668,10.89,E - Poor,0,True,"Reduced — 4 dimensions available (structurally unavailable, not a data gap)"
MSME-00228,59.0,66.5625,68.25,,57.375,62.43,C - Fair,0,True,"Reduced — 4 dimensions available (structurally unavailable, not a data gap)"
MSME-00229,57.25,55.21875,29.375,45.94017094017094,28.541666666666668,43.89,D - Weak,0,True,Full — 5 dimensions available
MSME-00230,78.3125,65.25,88.0,,81.45833333333333,77.61,B - Good,0,True,"Reduced — 4 dimensions available (structurally unavailable, not a data gap)"
MSME-00231,58.5625,64.65625,30.375,,49.291666666666664,52.08,C - Fair,0,True,"Reduced — 4 dimensions available (structurally unavailable, not a data gap)"
MSME-00232,40.125,5.65625,26.125,,10.75,20.3,E - Poor,-5,True,Partial confidence — 4 dimensions (4 discounted for thin data)
MSME-00233,54.0,59.0625,44.49999999999999,60.256410256410255,18.875,46.78,D - Weak,0,True,Full — 5 dimensions available
MSME-00234,57.25,1.0,19.0,,26.541666666666668,26.41,E - Poor,0,True,Partial confidence — 4 dimensions (4 discounted for thin data)
MSME-00235,39.4375,67.0625,73.375,64.2094017094017,64.375,60.9,C - Fair,0,True,Full — 5 dimensions available
MSME-00236,13.75,57.71875,27.25,55.98290598290598,48.666666666666664,40.57,D - Weak,0,True,Full — 5 dimensions available
MSME-00237,61.6875,33.5,53.0,,63.25,52.85,C - Fair,0,True,"Reduced — 4 dimensions available (structurally unavailable, not a data gap)"
MSME-00238,74.1875,31.75,75.75,57.05128205128205,66.625,60.48,C - Fair,0,True,Full — 5 dimensions available
MSME-00239,67.875,68.3125,79.75,,64.375,69.43,B - Good,0,True,"Reduced — 4 dimensions available (structurally unavailable, not a data gap)"
MSME-00240,52.9375,67.6875,88.0,,70.33333333333333,68.52,B - Good,0,True,"Reduced — 4 dimensions available (structurally unavailable, not a data gap)"
MSME-00241,62.8125,74.8125,79.75,63.46153846153846,86.41666666666667,73.66,B - Good,0,True,Full — 5 dimensions available
MSME-00242,40.375,77.78125,31.5,47.22222222222223,51.458333333333336,50.81,C - Fair,0,True,Full — 5 dimensions available
MSME-00243,46.6875,27.875,44.49999999999999,,33.791666666666664,37.79,D - Weak,0,True,"Reduced — 4 dimensions available (structurally unavailable, not a data gap)"
MSME-00244,39.375,62.46875,25.375,,40.583333333333336,43.06,D - Weak,0,True,"Reduced — 4 dimensions available (structurally unavailable, not a data gap)"
MSME-00245,62.0625,63.5,98.5,63.46153846153846,58.916666666666664,67.99,B - Good,0,True,Full — 5 dimensions available
MSME-00246,70.25,72.875,83.125,53.84615384615385,81.45833333333333,72.74,B - Good,0,True,Full — 5 dimensions available
MSME-00247,35.0,91.75,64.375,61.96581196581197,73.91666666666667,65.65,B - Good,0,True,Full — 5 dimensions available
MSME-00248,68.3125,48.25,30.375,,36.041666666666664,46.77,D - Weak,0,True,"Reduced — 4 dimensions available (structurally unavailable, not a data gap)"
MSME-00249,18.6875,39.3125,11.0,,5.875,19.23,E - Poor,0,True,"Reduced — 4 dimensions available (structurally unavailable, not a data gap)"
MSME-00250,49.625,83.34375,73.375,,85.95833333333333,73.06,B - Good,0,True,"Reduced — 4 dimensions available (structurally unavailable, not a data gap)"
MSME-00251,10.25,61.34375,40.5,63.141025641025635,50.166666666666664,44.33,D - Weak,-10,True,Full — 5 dimensions available
MSME-00252,46.9375,35.84375,81.75,68.58974358974359,60.333333333333336,56.86,C - Fair,0,True,Full — 5 dimensions available
MSME-00253,78.0625,43.875,96.625,,76.45833333333333,72.23,B - Good,0,True,"Reduced — 4 dimensions available (structurally unavailable, not a data gap)"
MSME-00254,59.8125,64.0,60.0,,68.75,63.35,C - Fair,0,True,"Reduced — 4 dimensions available (structurally unavailable, not a data gap)"
MSME-00255,67.875,63.96875,56.5,,50.625,59.96,C - Fair,0,True,"Reduced — 4 dimensions available (structurally unavailable, not a data gap)"
MSME-00256,54.75,43.9375,40.5,61.85897435897436,51.25,50.38,C - Fair,0,True,Full — 5 dimensions available
MSME-00257,1.75,61.84375,18.25,8.76068376068376,28.458333333333332,24.96,E - Poor,0,True,Full — 5 dimensions available
MSME-00258,32.25,45.84375,90.625,,61.291666666666664,55.29,C - Fair,0,True,"Reduced — 4 dimensions available (structurally unavailable, not a data gap)"
MSME-00259,68.5,78.5,39.87500000000001,,50.916666666666664,60.75,C - Fair,0,True,"Reduced — 4 dimensions available (structurally unavailable, not a data gap)"
MSME-00260,48.75,63.375,25.375,,34.416666666666664,44.15,D - Weak,0,True,"Reduced — 4 dimensions available (structurally unavailable, not a data gap)"
MSME-00261,51.6875,24.1875,13.5,,26.291666666666668,29.94,E - Poor,-5,True,Partial confidence — 4 dimensions (4 discounted for thin data)
MSME-00262,58.9375,57.78125,47.0,60.79059829059829,40.5,52.9,C - Fair,-5,True,Full — 5 dimensions available
MSME-00263,72.6875,2.6875,89.375,,87.04166666666667,61.19,C - Fair,0,True,Partial confidence — 4 dimensions (4 discounted for thin data)
MSME-00264,60.1875,58.15625,35.25,,51.125,52.24,C - Fair,0,True,"Reduced — 4 dimensions available (structurally unavailable, not a data gap)"
MSME-00265,56.8125,74.59375,51.25,64.20940170940172,68.08333333333333,63.57,C - Fair,0,True,Full — 5 dimensions available
MSME-00266,13.875,24.34375,11.75,,2.8333333333333335,13.3,E - Poor,0,True,"Reduced — 4 dimensions available (structurally unavailable, not a data gap)"
MSME-00267,64.4375,55.0625,93.125,,70.54166666666667,69.3,B - Good,-10,True,"Reduced — 4 dimensions available (structurally unavailable, not a data gap)"
MSME-00268,50.0,34.9375,47.5,,47.875,44.92,D - Weak,0,True,"Reduced — 4 dimensions available (structurally unavailable, not a data gap)"
MSME-00269,46.3125,72.4375,66.25,,54.916666666666664,59.56,C - Fair,0,True,"Reduced — 4 dimensions available (structurally unavailable, not a data gap)"
MSME-00270,57.5625,72.15625,71.125,,56.791666666666664,63.96,C - Fair,-10,True,"Reduced — 4 dimensions available (structurally unavailable, not a data gap)"
MSME-00271,16.5625,46.03125,13.0,,28.541666666666668,26.9,E - Poor,0,True,"Reduced — 4 dimensions available (structurally unavailable, not a data gap)"
MSME-00272,56.875,62.4375,41.25,,27.75,47.47,D - Weak,0,True,"Reduced — 4 dimensions available (structurally unavailable, not a data gap)"
MSME-00273,58.6875,50.15625,57.375,,75.58333333333333,60.66,C - Fair,0,True,"Reduced — 4 dimensions available (structurally unavailable, not a data gap)"
MSME-00274,48.5,36.0625,16.75,,3.7916666666666665,26.91,E - Poor,0,True,"Reduced — 4 dimensions available (structurally unavailable, not a data gap)"
MSME-00275,0.0,35.28125,11.375,40.17094017094018,17.333333333333332,20.28,E - Poor,-10,True,Full — 5 dimensions available
MSME-00276,74.0625,8.15625,83.125,,39.666666666666664,49.13,D - Weak,0,True,Partial confidence — 4 dimensions (4 discounted for thin data)
MSME-00277,45.75,27.25,23.0,,47.375,36.7,D - Weak,0,True,"Reduced — 4 dimensions available (structurally unavailable, not a data gap)"
MSME-00278,67.125,51.0625,77.75,,56.416666666666664,62.11,C - Fair,0,True,"Reduced — 4 dimensions available (structurally unavailable, not a data gap)"
MSME-00279,29.5,41.03125,36.25000000000001,50.74786324786324,38.791666666666664,38.79,D - Weak,0,True,Full — 5 dimensions available
MSME-00280,70.1875,83.4375,72.125,63.995726495726494,74.70833333333333,73.43,B - Good,0,True,Full — 5 dimensions available
MSME-00281,35.375,17.59375,96.625,,71.125,52.42,C - Fair,0,True,Partial confidence — 4 dimensions (4 discounted for thin data)
MSME-00282,3.75,28.09375,5.875,,21.458333333333332,15.39,E - Poor,0,True,"Reduced — 4 dimensions available (structurally unavailable, not a data gap)"
MSME-00283,0.0,30.21875,8.75,,31.916666666666668,18.32,E - Poor,-10,True,"Reduced — 4 dimensions available (structurally unavailable, not a data gap)"
MSME-00284,15.5625,10.5625,2.75,,6.0,9.12,E - Poor,0,True,"Reduced — 4 dimensions available (structurally unavailable, not a data gap)"
MSME-00285,10.375,41.25,7.625,,13.666666666666666,18.94,E - Poor,0,True,"Reduced — 4 dimensions available (structurally unavailable, not a data gap)"
MSME-00286,46.375,91.625,22.75,,44.333333333333336,53.17,C - Fair,0,True,"Reduced — 4 dimensions available (structurally unavailable, not a data gap)"
MSME-00287,61.5625,64.875,28.875,,46.208333333333336,51.81,C - Fair,0,True,"Reduced — 4 dimensions available (structurally unavailable, not a data gap)"
MSME-00288,11.5625,74.0625,44.99999999999999,,54.958333333333336,46.49,D - Weak,-10,True,"Reduced — 4 dimensions available (structurally unavailable, not a data gap)"
MSME-00289,71.1875,40.34375,49.75000000000001,,60.458333333333336,55.81,C - Fair,0,True,"Reduced — 4 dimensions available (structurally unavailable, not a data gap)"
MSME-00290,71.9375,42.375,89.375,,64.875,65.66,B - Good,0,True,"Reduced — 4 dimensions available (structurally unavailable, not a data gap)"
MSME-00291,52.0625,77.25,58.5,38.675213675213676,85.95833333333333,64.03,C - Fair,0,True,Full — 5 dimensions available
MSME-00292,56.9375,66.34375,34.375,,45.0,51.75,C - Fair,0,True,"Reduced — 4 dimensions available (structurally unavailable, not a data gap)"
MSME-00293,56.25,76.5625,66.25,46.047008547008545,74.54166666666667,64.79,C - Fair,0,True,Full — 5 dimensions available
MSME-00294,65.25,42.5625,99.5,,40.625,59.48,C - Fair,-5,True,Partial confidence — 4 dimensions (4 discounted for thin data)
MSME-00295,53.6875,53.84375,31.5,64.3162393162393,54.958333333333336,52.08,C - Fair,0,True,Full — 5 dimensions available
MSME-00296,58.1875,74.625,60.0,42.73504273504273,80.83333333333333,64.6,C - Fair,-10,True,Full — 5 dimensions available
MSME-00297,43.8125,48.15625,79.75,64.52991452991454,73.125,60.74,C - Fair,-10,True,Full — 5 dimensions available
MSME-00298,42.1875,20.40625,16.25,26.81623931623932,6.458333333333333,22.52,E - Poor,0,True,Full — 5 dimensions available
MSME-00299,30.3125,38.625,5.875,20.726495726495727,24.416666666666668,25.18,E - Poor,0,True,Full — 5 dimensions available
MSME-00300,59.8125,42.84375,91.875,19.12393162393162,83.70833333333333,59.91,C - Fair,0,True,Full — 5 dimensions available
MSME-00301,64.75,82.75,70.0,66.34615384615385,71.20833333333333,71.33,B - Good,0,True,Full — 5 dimensions available
MSME-00302,49.375,24.90625,61.625,,59.208333333333336,47.92,D - Weak,0,True,Partial confidence — 4 dimensions (4 discounted for thin data)
MSME-00303,0.0,76.90625,36.75000000000001,,42.208333333333336,39.11,D - Weak,-10,True,"Reduced — 4 dimensions available (structurally unavailable, not a data gap)"
MSME-00304,0.0,56.09375,3.75,,6.791666666666667,17.52,E - Poor,-10,True,"Reduced — 4 dimensions available (structurally unavailable, not a data gap)"
MSME-00305,40.625,62.78125,84.5,70.94017094017094,43.583333333333336,58.57,C - Fair,0,True,Full — 5 dimensions available
MSME-00306,60.875,9.53125,64.375,,42.041666666666664,42.86,D - Weak,-5,True,Partial confidence — 4 dimensions (4 discounted for thin data)
MSME-00307,60.25,14.4375,99.5,,63.875,56.85,C - Fair,-5,True,"Reduced — 4 dimensions available (structurally unavailable, not a data gap)"
MSME-00308,67.25,55.09375,90.625,69.12393162393163,68.41666666666667,69.02,B - Good,0,True,Full — 5 dimensions available
MSME-00309,30.1875,24.5,17.25,,16.916666666666668,22.54,E - Poor,0,True,"Reduced — 4 dimensions available (structurally unavailable, not a data gap)"
MSME-00310,80.5625,30.5,96.625,,58.0,64.41,C - Fair,0,True,"Reduced — 4 dimensions available (structurally unavailable, not a data gap)"
MSME-00311,60.4375,54.78125,94.375,,58.958333333333336,65.32,B - Good,0,True,"Reduced — 4 dimensions available (structurally unavailable, not a data gap)"
MSME-00312,62.6875,72.25,70.0,,47.875,62.75,C - Fair,0,True,"Reduced — 4 dimensions available (structurally unavailable, not a data gap)"
MSME-00313,42.4375,23.65625,31.5,,45.041666666666664,35.94,D - Weak,-5,True,"Reduced — 4 dimensions available (structurally unavailable, not a data gap)"
MSME-00314,6.0,11.0625,8.25,,7.791666666666667,8.28,E - Poor,0,True,"Reduced — 4 dimensions available (structurally unavailable, not a data gap)"
MSME-00315,43.8125,4.3125,19.75,,10.083333333333334,19.47,E - Poor,0,True,Partial confidence — 4 dimensions (4 discounted for thin data)
MSME-00316,57.8125,60.0,95.625,,58.916666666666664,66.25,B - Good,0,True,"Reduced — 4 dimensions available (structurally unavailable, not a data gap)"
MSME-00317,75.1875,79.53125,88.0,,73.08333333333333,78.35,B - Good,0,True,"Reduced — 4 dimensions available (structurally unavailable, not a data gap)"
MSME-00318,40.5,60.84375,38.625,33.86752136752137,56.291666666666664,47.11,D - Weak,0,True,Full — 5 dimensions available
MSME-00319,68.875,47.4375,71.125,,51.208333333333336,58.9,C - Fair,0,True,"Reduced — 4 dimensions available (structurally unavailable, not a data gap)"
MSME-00320,5.0,35.90625,9.25,52.56410256410256,18.916666666666668,23.6,E - Poor,0,True,Full — 5 dimensions available
MSME-00321,46.5,76.3125,35.25,41.45299145299145,35.875,48.05,D - Weak,0,True,Full — 5 dimensions available
MSME-00322,72.25,81.15625,86.5,,69.54166666666667,76.75,B - Good,0,True,"Reduced — 4 dimensions available (structurally unavailable, not a data gap)"
MSME-00323,11.3125,11.40625,20.75,,14.583333333333334,14.1,E - Poor,0,True,"Reduced — 4 dimensions available (structurally unavailable, not a data gap)"
MSME-00324,66.0625,36.0625,53.875,,76.54166666666667,58.42,C - Fair,0,True,"Reduced — 4 dimensions available (structurally unavailable, not a data gap)"
MSME-00325,62.0625,73.65625,68.25,65.17094017094017,41.083333333333336,61.53,C - Fair,0,True,Full — 5 dimensions available
MSME-00326,21.375,55.78125,43.375,36.21794871794872,26.666666666666668,36.34,D - Weak,0,True,Full — 5 dimensions available
MSME-00327,50.9375,58.15625,29.875,68.16239316239317,43.291666666666664,50.2,C - Fair,-5,True,Full — 5 dimensions available
MSME-00328,53.625,75.65625,46.0,,39.625,54.24,C - Fair,0,True,"Reduced — 4 dimensions available (structurally unavailable, not a data gap)"
MSME-00329,9.1875,58.96875,39.125,16.773504273504276,50.916666666666664,35.78,D - Weak,0,True,Full — 5 dimensions available
MSME-00330,6.6875,40.15625,4.0,,10.375,16.06,E - Poor,0,True,"Reduced — 4 dimensions available (structurally unavailable, not a data gap)"
MSME-00331,12.25,29.65625,9.5,8.119658119658125,17.666666666666668,16.17,E - Poor,0,True,Full — 5 dimensions available
MSME-00332,59.6875,24.96875,18.75,,36.333333333333336,36.01,D - Weak,-5,True,Partial confidence — 4 dimensions (4 discounted for thin data)
MSME-00333,16.5,63.71875,79.75,47.863247863247864,80.625,57.01,C - Fair,0,True,Full — 5 dimensions available
MSME-00334,58.375,34.375,48.62499999999999,62.82051282051282,33.125,46.55,D - Weak,0,True,Full — 5 dimensions available
MSME-00335,0.0,5.9375,0.25,,5.75,3.17,E - Poor,-5,True,"Reduced — 4 dimensions available (structurally unavailable, not a data gap)"
MSME-00336,71.25,86.34375,91.875,62.5,83.70833333333333,79.35,B - Good,0,True,Full — 5 dimensions available
MSME-00337,71.875,85.21875,79.75,,64.04166666666667,74.92,B - Good,0,True,"Reduced — 4 dimensions available (structurally unavailable, not a data gap)"
MSME-00338,52.125,79.59375,85.5,57.6923076923077,66.16666666666667,67.84,B - Good,0,True,Full — 5 dimensions available
MSME-00339,65.375,91.1875,64.375,,63.583333333333336,71.58,B - Good,0,True,"Reduced — 4 dimensions available (structurally unavailable, not a data gap)"
MSME-00340,41.375,37.28125,43.375,58.44017094017094,51.125,45.81,D - Weak,0,True,Full — 5 dimensions available
MSME-00341,59.375,29.78125,66.25,,59.541666666666664,52.9,C - Fair,0,True,"Reduced — 4 dimensions available (structurally unavailable, not a data gap)"
MSME-00342,30.375,22.5,32.125,55.662393162393165,27.291666666666668,32.45,E - Poor,-5,True,Full — 5 dimensions available
MSME-00343,4.0,48.09375,7.125,32.9059829059829,15.791666666666666,21.76,E - Poor,0,True,Full — 5 dimensions available
MSME-00344,40.9375,31.34375,15.5,,15.0,26.38,E - Poor,0,True,"Reduced — 4 dimensions available (structurally unavailable, not a data gap)"
MSME-00345,78.0,49.75,64.375,66.66666666666667,78.91666666666667,67.77,B - Good,0,True,Full — 5 dimensions available
MSME-00346,65.1875,65.0,77.75,65.38461538461537,70.33333333333333,68.42,B - Good,-10,True,Full — 5 dimensions available
MSME-00347,64.1875,68.1875,37.375,55.98290598290598,51.5,56.42,C - Fair,0,True,Full — 5 dimensions available
MSME-00348,46.625,2.4375,21.75,,43.583333333333336,29.06,E - Poor,-5,True,Partial confidence — 4 dimensions (4 discounted for thin data)
MSME-00349,77.5,69.0625,88.0,,83.0,78.82,B - Good,0,True,"Reduced — 4 dimensions available (structurally unavailable, not a data gap)"
MSME-00350,24.75,46.40625,15.0,,15.0,25.98,E - Poor,0,True,"Reduced — 4 dimensions available (structurally unavailable, not a data gap)"
MSME-00351,61.0625,70.59375,70.0,61.111111111111114,50.041666666666664,62.23,C - Fair,0,True,Full — 5 dimensions available
MSME-00352,57.875,20.25,14.375,,8.791666666666666,26.05,E - Poor,0,True,"Reduced — 4 dimensions available (structurally unavailable, not a data gap)"
MSME-00353,60.875,75.15625,56.5,,83.70833333333333,69.9,B - Good,0,True,"Reduced — 4 dimensions available (structurally unavailable, not a data gap)"
MSME-00354,75.8125,38.03125,51.75,,80.625,62.21,C - Fair,0,True,"Reduced — 4 dimensions available (structurally unavailable, not a data gap)"
MSME-00355,15.1875,48.40625,47.25,,55.625,41.24,D - Weak,0,True,"Reduced — 4 dimensions available (structurally unavailable, not a data gap)"
MSME-00356,41.0,73.90625,98.0,,67.29166666666667,68.19,B - Good,0,True,"Reduced — 4 dimensions available (structurally unavailable, not a data gap)"
MSME-00357,60.375,71.4375,75.75,70.61965811965813,83.08333333333333,72.15,B - Good,0,True,Full — 5 dimensions available
MSME-00358,63.0625,79.78125,81.75,65.06410256410255,56.916666666666664,68.86,B - Good,0,True,Full — 5 dimensions available
MSME-00359,68.125,2.9375,91.875,,86.54166666666667,60.4,C - Fair,0,True,Partial confidence — 4 dimensions (4 discounted for thin data)
MSME-00360,69.1875,64.6875,45.25,,30.125,52.78,C - Fair,0,True,"Reduced — 4 dimensions available (structurally unavailable, not a data gap)"
MSME-00361,73.0625,77.125,71.125,61.96581196581197,66.58333333333333,70.35,B - Good,0,True,Full — 5 dimensions available
MSME-00362,46.125,65.59375,37.74999999999999,,35.416666666666664,46.79,D - Weak,0,True,"Reduced — 4 dimensions available (structurally unavailable, not a data gap)"
MSME-00363,13.375,9.03125,17.75,,10.166666666666666,12.24,E - Poor,0,True,"Reduced — 4 dimensions available (structurally unavailable, not a data gap)"
MSME-00364,55.5,19.0,53.25,,65.41666666666667,47.96,D - Weak,-5,True,"Reduced — 4 dimensions available (structurally unavailable, not a data gap)"
MSME-00365,66.0625,42.375,98.0,55.23504273504273,47.166666666666664,60.12,C - Fair,0,True,Full — 5 dimensions available
MSME-00366,14.0625,11.5625,1.75,,19.166666666666668,12.29,E - Poor,0,True,"Reduced — 4 dimensions available (structurally unavailable, not a data gap)"
MSME-00367,10.875,53.8125,3.25,58.760683760683754,7.666666666666667,26.41,E - Poor,0,True,Full — 5 dimensions available
MSME-00368,41.125,88.03125,32.125,58.65384615384615,54.958333333333336,56.04,C - Fair,0,True,Full — 5 dimensions available
MSME-00369,46.25,37.40625,9.0,,16.958333333333332,28.63,E - Poor,-5,True,"Reduced — 4 dimensions available (structurally unavailable, not a data gap)"
MSME-00370,67.125,78.0625,69.5,59.508547008547005,74.54166666666667,70.33,B - Good,0,True,Full — 5 dimensions available
MSME-00371,38.875,49.0,54.375,62.50000000000001,55.833333333333336,51.42,C - Fair,0,True,Full — 5 dimensions available
MSME-00372,63.5625,3.8125,29.875,,59.25,39.74,D - Weak,-5,True,Partial confidence — 4 dimensions (4 discounted for thin data)
MSME-00373,72.0,70.46875,83.125,,60.333333333333336,70.71,B - Good,0,True,"Reduced — 4 dimensions available (structurally unavailable, not a data gap)"
MSME-00374,52.375,11.03125,50.25,,51.333333333333336,40.65,D - Weak,-5,True,"Reduced — 4 dimensions available (structurally unavailable, not a data gap)"
MSME-00375,49.9375,34.125,27.25,,54.416666666666664,42.38,D - Weak,0,True,"Reduced — 4 dimensions available (structurally unavailable, not a data gap)"
MSME-00376,56.5,62.53125,41.87499999999999,,29.083333333333332,47.87,D - Weak,0,True,"Reduced — 4 dimensions available (structurally unavailable, not a data gap)"
MSME-00377,75.6875,78.0625,73.375,59.61538461538461,81.875,74.53,B - Good,0,True,Full — 5 dimensions available
MSME-00378,59.125,72.0625,73.375,,78.20833333333333,70.51,B - Good,0,True,"Reduced — 4 dimensions available (structurally unavailable, not a data gap)"
MSME-00379,75.75,76.5625,68.25,,80.16666666666667,75.64,B - Good,0,True,"Reduced — 4 dimensions available (structurally unavailable, not a data gap)"
MSME-00380,62.6875,83.53125,66.25,66.98717948717949,59.541666666666664,67.93,B - Good,0,True,Full — 5 dimensions available
MSME-00381,16.875,36.375,44.49999999999999,,43.791666666666664,34.78,E - Poor,-5,True,"Reduced — 4 dimensions available (structurally unavailable, not a data gap)"
MSME-00382,68.5625,72.5625,66.25,55.66239316239316,64.58333333333333,66.03,B - Good,0,True,Full — 5 dimensions available
MSME-00383,45.75,88.90625,94.375,65.17094017094017,78.91666666666667,74.05,B - Good,0,True,Full — 5 dimensions available
MSME-00384,66.4375,33.40625,57.375,,86.875,61.27,C - Fair,0,True,"Reduced — 4 dimensions available (structurally unavailable, not a data gap)"
MSME-00385,68.8125,80.625,66.25,,80.83333333333333,74.66,B - Good,0,True,"Reduced — 4 dimensions available (structurally unavailable, not a data gap)"
MSME-00386,0.0,44.9375,8.5,9.401709401709404,18.625,17.11,E - Poor,-10,True,Full — 5 dimensions available
MSME-00387,75.4375,67.0625,61.625,61.96581196581197,70.54166666666667,67.94,B - Good,0,True,Full — 5 dimensions available
MSME-00388,12.75,17.25,17.5,0.641025641025641,1.7083333333333333,10.07,E - Poor,0,True,Full — 5 dimensions available
MSME-00389,46.0,80.96875,73.375,,71.20833333333333,67.52,B - Good,-10,True,"Reduced — 4 dimensions available (structurally unavailable, not a data gap)"
MSME-00390,46.8125,39.65625,23.25,61.85897435897436,45.416666666666664,43.49,D - Weak,0,True,Full — 5 dimensions available
MSME-00391,22.4375,60.875,94.375,68.16239316239317,77.45833333333333,62.82,C - Fair,0,True,Full — 5 dimensions available
MSME-00392,74.8125,30.71875,95.125,,84.0,69.57,B - Good,0,True,"Reduced — 4 dimensions available (structurally unavailable, not a data gap)"
MSME-00393,61.1875,2.125,1.0,,26.791666666666668,24.23,E - Poor,-5,True,Partial confidence — 4 dimensions (4 discounted for thin data)
MSME-00394,0.0,36.15625,18.5,2.991452991452992,11.583333333333334,14.19,E - Poor,-10,True,Full — 5 dimensions available
MSME-00395,51.875,3.5625,3.5,,35.833333333333336,25.04,E - Poor,0,True,Partial confidence — 4 dimensions (4 discounted for thin data)
MSME-00396,51.25,78.90625,96.625,,71.20833333333333,73.02,B - Good,0,True,"Reduced — 4 dimensions available (structurally unavailable, not a data gap)"
MSME-00397,65.125,84.375,64.375,63.46153846153846,63.916666666666664,68.73,B - Good,0,True,Full — 5 dimensions available
MSME-00398,31.25,56.375,33.75,,39.583333333333336,40.67,D - Weak,0,True,"Reduced — 4 dimensions available (structurally unavailable, not a data gap)"
MSME-00399,75.5,70.28125,84.5,,68.75,74.11,B - Good,0,True,"Reduced — 4 dimensions available (structurally unavailable, not a data gap)"
MSME-00400,76.875,62.8125,46.5,,39.833333333333336,57.17,C - Fair,0,True,"Reduced — 4 dimensions available (structurally unavailable, not a data gap)"
